1595.7,1604.4,1613.1,1621.8,1630.5,1639.1,1647.8,1656.4,1665.1,1673.7,1682.3,1691,1699.6,1708.1,1716.7,1725.3,1733.8,1742.4,1750.9,1759.4,1768,1776.5,1784.9,1793.4,1801.9,1810.3,1818.8,1827.2,1835.6,1844,1852.4,1860.8,1869.2,1877.5,1885.9,1894.2,1902.5,1910.8,1919.1,1927.4,1935.6,1943.9,1952.1,1960.3,1968.5,1976.7,1984.9,1993.1,2001.2,2009.4,2017.5,2025.6,2033.7,2041.8,2049.9,2057.9,2066,2074,2082,2090,2098,2105.9,2113.9,2121.8,2129.7,2137.6,2145.5,2153.4,2161.2,2169.1,2176.9,2184.7,2192.5,2200.3,2208,2215.8,2223.5,2231.2,2238.9,2246.6,2254.2,2261.9,2269.5,2277.1,2284.7,2292.3,2299.8,2307.4,2314.9,2322.4,2329.8,2337.3,2344.8,2352.2,2359.6,2367,2374.3,2381.7,2389,2396.3,Variety
0.2449764,0.2442074,0.2439896,0.2421966,0.2399104,0.238641,0.2377222,0.2380726,0.2388714,0.2398626,0.243016,0.2485578,0.2547768,0.261502,0.2676162,0.2717924,0.2757904,0.2804436,0.287481,0.2953964,0.3015364,0.3064428,0.3074496,0.3066516,0.304671,0.3034332,0.303478,0.3055536,0.3117874,0.3218102,0.342869,0.3819794,0.450889,0.558703,0.7026254,0.8605134,0.9810974,1.0444372,1.0706642,1.0778884,1.072935,1.0598834,1.0417866,1.019585,0.9938432,0.9659306,0.9351886,0.9048632,0.8752348,0.846147,0.8187906,0.7934952,0.771867,0.752551,0.7348656,0.7169696,0.6996928,0.6820026,0.6658834,0.6514648,0.6375618,0.624559,0.6125396,0.601568,0.5919502,0.5838058,0.5770514,0.570625,0.5648242,0.5599072,0.5539548,0.548221,0.5421124,0.5362348,0.5321744,0.5284942,0.5268982,0.5290598,0.5356248,0.5450986,0.5589026,0.573792,0.590112,0.6034364,0.6178528,0.6313812,0.6466208,0.6606376,0.6691992,0.6772922,0.6883846,0.7003212,0.7135192,0.7259,0.7387332,0.7492724,0.7638258,0.7767238,0.790812,0.8068796,Viura
0.2022402,0.2013456,0.2012154,0.1992672,0.1967776,0.1955344,0.1943294,0.194458,0.194855,0.1954132,0.1980158,0.2024368,0.2074008,0.212457,0.2176978,0.2227924,0.227812,0.2331138,0.240394,0.2489382,0.2559434,0.2613486,0.2630652,0.263236,0.2618826,0.2607806,0.2610502,0.2634258,0.2698498,0.2803974,0.3023834,0.343045,0.414927,0.5288296,0.6819696,0.8526578,0.983047,1.0509534,1.0783436,1.0862664,1.0810854,1.0667142,1.0461592,1.021643,0.9937264,0.962799,0.92881,0.8952006,0.8621398,0.831259,0.8010124,0.7740904,0.7504332,0.729193,0.70956,0.6905352,0.6711722,0.652628,0.635326,0.6194884,0.6044218,0.590015,0.576337,0.563965,0.5542126,0.5448448,0.537265,0.529295,0.5235614,0.518394,0.512547,0.5064802,0.5001954,0.4947276,0.4909406,0.4878094,0.4865788,0.488961,0.494766,0.5043614,0.5170266,0.5314944,0.546964,0.5598438,0.5734068,0.5851604,0.599822,0.6145568,0.625802,0.6347458,0.6465366,0.6600306,0.6747072,0.6891528,0.703513,0.7167566,0.7304426,0.7459504,0.7619854,0.7802382,Viura
0.2896632,0.289316,0.2894578,0.2877106,0.2853778,0.2841762,0.2830212,0.2829412,0.2835696,0.2844736,0.287588,0.2930754,0.2990696,0.305496,0.3114246,0.3158268,0.3198916,0.3247316,0.3321196,0.3403654,0.3465914,0.3515092,0.3523342,0.3515698,0.3494628,0.3479556,0.3479656,0.34998,0.3562112,0.3663122,0.3874856,0.4268434,0.4958582,0.6020072,0.7414316,0.8912772,1.0012872,1.0570152,1.0794462,1.0861692,1.081817,1.0713802,1.055663,1.0369368,1.0148224,0.9897618,0.96194,0.9347556,0.907382,0.880815,0.8549452,0.8317722,0.810449,0.7914526,0.774144,0.7568788,0.739453,0.7225212,0.706672,0.6919412,0.677858,0.664289,0.6516066,0.6392786,0.6313008,0.6207856,0.6137058,0.606412,0.600888,0.5957162,0.5898638,0.5841604,0.5774536,0.5724846,0.5686578,0.565385,0.5639122,0.5663734,0.5725664,0.5817312,0.5944394,0.6092656,0.6248572,0.6378296,0.6503966,0.6639116,0.678638,0.691767,0.6999926,0.7084392,0.719595,0.73035,0.7434066,0.7552204,0.7672652,0.7769352,0.789807,0.8020582,0.8183922,0.8323166,Viura
0.2777348,0.2698696,0.2629346,0.256146,0.2511902,0.2476144,0.245053,0.243975,0.2436234,0.2439322,0.2462282,0.249865,0.2543174,0.2588576,0.2644054,0.2701962,0.2760036,0.2813704,0.2890634,0.2976234,0.3056916,0.3112258,0.3135778,0.3140118,0.3131558,0.3118184,0.3113688,0.3133792,0.3192202,0.3307992,0.3536786,0.395394,0.4676298,0.5824798,0.7344488,0.892655,1.0073324,1.0613924,1.0825188,1.088382,1.0825414,1.0711846,1.0547424,1.0343642,1.0096046,0.9824248,0.9525022,0.9219274,0.8911616,0.8631532,0.8352422,0.810017,0.7869294,0.7669346,0.7479222,0.7291088,0.7107624,0.6929108,0.6756018,0.659619,0.644788,0.6304706,0.6172014,0.6048214,0.5948154,0.585633,0.5777992,0.5711476,0.5648974,0.5598688,0.554051,0.5483556,0.5422862,0.5373838,0.532892,0.529864,0.529418,0.532145,0.5377208,0.5463318,0.5589698,0.5725194,0.586914,0.59849,0.612031,0.6235016,0.6369156,0.6506686,0.6627626,0.6716088,0.6818244,0.6952122,0.7098692,0.7225842,0.7358308,0.7478934,0.7646624,0.7777598,0.7917448,0.8058192,Viura
0.2215884,0.2145722,0.20842,0.2026256,0.1981796,0.195002,0.1928764,0.1922038,0.1920804,0.1927192,0.1954428,0.2000506,0.205549,0.2115654,0.2174714,0.2218778,0.2262542,0.2309418,0.2381578,0.246139,0.2532092,0.2583462,0.2596936,0.2592406,0.2577276,0.2561962,0.2556158,0.2575054,0.2630938,0.273647,0.295184,0.3341578,0.4023492,0.5114592,0.657659,0.8156632,0.9362472,0.9983306,1.024212,1.03132,1.027087,1.013793,0.995595,0.9723696,0.9451558,0.9159204,0.8845516,0.853518,0.8222528,0.7928048,0.7651676,0.739471,0.7165568,0.696397,0.6773958,0.659165,0.6409596,0.6237044,0.6068154,0.5916584,0.5773802,0.5631788,0.5503582,0.5381824,0.527494,0.5188332,0.5113542,0.5050136,0.4984658,0.4934542,0.4878122,0.4822858,0.4761332,0.4711144,0.4676584,0.4648316,0.464336,0.4666644,0.4725434,0.482183,0.4950106,0.5092546,0.5248376,0.538018,0.5525812,0.5656558,0.5797354,0.593906,0.6053474,0.6136018,0.6246256,0.6358756,0.649224,0.6630818,0.6755474,0.6875528,0.6973472,0.7119928,0.7239086,0.7392664,Viura
0.2660278,0.259724,0.2544254,0.249269,0.2453372,0.242701,0.2406882,0.2402358,0.2401398,0.2409274,0.2438894,0.2484318,0.2534864,0.259093,0.264643,0.2687514,0.272563,0.276618,0.2832956,0.2905542,0.2970514,0.30168,0.3027424,0.3020912,0.3004714,0.2992278,0.2986378,0.3002956,0.3055254,0.3152254,0.3350572,0.371506,0.435694,0.5383724,0.678069,0.8323074,0.9543228,1.0207248,1.0491338,1.0581184,1.0534976,1.0384368,1.018544,0.9934868,0.9649688,0.934366,0.9020292,0.8701758,0.8391218,0.8100062,0.7824584,0.7574142,0.7352728,0.7155076,0.697381,0.679746,0.661843,0.6442082,0.6276504,0.6128548,0.5987858,0.5854528,0.5729524,0.5614344,0.5509748,0.543079,0.5366054,0.5306776,0.5247784,0.5203016,0.5151752,0.510224,0.5046008,0.4996506,0.4957862,0.4929078,0.492285,0.4945172,0.500252,0.509181,0.5223626,0.5353648,0.549902,0.561636,0.5745822,0.5876338,0.6008136,0.6146208,0.6234918,0.631286,0.6406682,0.6529522,0.6644586,0.6766708,0.6889774,0.6990018,0.7140734,0.7243904,0.7380338,0.7523326,Viura
0.256242,0.24909,0.2430162,0.237045,0.2323186,0.2289744,0.2264182,0.225326,0.2249664,0.2256956,0.228774,0.2339224,0.2398344,0.246083,0.2523998,0.257029,0.261632,0.2670068,0.274986,0.2834138,0.291061,0.2963506,0.2978106,0.296928,0.2952664,0.2935418,0.29309,0.2951642,0.3012698,0.3126508,0.3355612,0.3771092,0.4488992,0.5606884,0.706217,0.8575992,0.9676118,1.022561,1.0448292,1.0522044,1.0490012,1.038935,1.02441,1.005073,0.9824858,0.957048,0.9295054,0.9008682,0.8724418,0.845512,0.8191376,0.794607,0.7722086,0.7519554,0.7325032,0.7144374,0.69619,0.6783626,0.6612116,0.6453218,0.6301398,0.6156086,0.6015428,0.5880846,0.577622,0.5670708,0.5587362,0.5515924,0.544806,0.5392222,0.5331444,0.5275324,0.521268,0.516852,0.5131302,0.5101004,0.509275,0.512413,0.5176826,0.5274144,0.5402382,0.5556566,0.5710944,0.584418,0.598743,0.6124288,0.6268138,0.6407732,0.6494534,0.6597038,0.6700518,0.6814612,0.694393,0.7074316,0.720117,0.731488,0.745357,0.7561598,0.7697476,0.7843538,Viura
0.2423638,0.2361752,0.2308986,0.2257336,0.2216486,0.2188806,0.2167382,0.2161512,0.2162412,0.2172884,0.2209014,0.2268216,0.233212,0.239974,0.2464592,0.2505324,0.2544426,0.2590798,0.2663508,0.2739194,0.2804364,0.2852526,0.286012,0.2846752,0.2826402,0.2811654,0.2804826,0.282288,0.2878302,0.2983872,0.3196476,0.3589414,0.42808,0.5385794,0.6888178,0.8576702,0.9930988,1.0682958,1.1022876,1.1133282,1.1090908,1.0940004,1.0717512,1.0446776,1.0140398,0.9805016,0.9456754,0.9107222,0.876885,0.8451354,0.814937,0.7877974,0.7634512,0.742451,0.7227976,0.703701,0.6846394,0.6660744,0.6481536,0.6321852,0.617457,0.6025922,0.589024,0.5762622,0.5653334,0.5557372,0.5486118,0.5418046,0.5349588,0.5296516,0.5237026,0.517586,0.510827,0.5052956,0.5012488,0.4977516,0.4967238,0.499508,0.505314,0.5157708,0.5306274,0.547108,0.5642546,0.579336,0.594855,0.6100864,0.6253608,0.6400994,0.649539,0.6594494,0.6686014,0.6825392,0.6940166,0.7079884,0.7192852,0.7320644,0.745803,0.7598756,0.7733204,0.789042,Viura
0.2167294,0.2104966,0.2055264,0.2011258,0.1970128,0.1945546,0.1926116,0.1917702,0.1915568,0.192013,0.19386,0.1970288,0.2003902,0.2038698,0.208449,0.2125914,0.2173672,0.2229834,0.2300746,0.2388896,0.2463012,0.252193,0.2548284,0.256325,0.2562192,0.2558878,0.2567228,0.2595002,0.2658092,0.2775758,0.3000152,0.3400418,0.409036,0.5179668,0.661097,0.8124822,0.9204208,0.9728508,0.991636,0.9946236,0.9874948,0.9711216,0.9508936,0.9258462,0.898205,0.8674548,0.8357856,0.8045822,0.7743544,0.7447124,0.7172978,0.6914724,0.6685268,0.6482814,0.6284512,0.609591,0.590832,0.5729094,0.5561348,0.5403764,0.525746,0.5118622,0.4988776,0.4866306,0.4751832,0.467686,0.461502,0.4558832,0.4515218,0.4480144,0.4444958,0.4409878,0.436985,0.4340026,0.4323246,0.4309916,0.4313672,0.4343564,0.439269,0.4461592,0.4553984,0.46521,0.4759126,0.4862648,0.4964174,0.5071006,0.5186438,0.5296398,0.5400422,0.5492104,0.5592334,0.5713034,0.5851398,0.5972234,0.6090852,0.6201928,0.6358488,0.6498934,0.6623016,0.677489,Grenache
0.2443662,0.2370116,0.2308228,0.2251986,0.220229,0.2169608,0.214424,0.2131952,0.2128248,0.2137086,0.2167008,0.2211294,0.2260144,0.2310448,0.2369916,0.2418438,0.2472814,0.2540178,0.262223,0.2718134,0.2798158,0.2861622,0.2885164,0.289344,0.2884592,0.2875244,0.287798,0.290764,0.2976736,0.3108604,0.3362108,0.3816656,0.4586454,0.5764692,0.7225154,0.8641988,0.9541526,0.9909274,1.0039274,1.0068758,1.0030782,0.9948842,0.9827316,0.967509,0.949022,0.9274044,0.9027396,0.877854,0.8517598,0.8263636,0.8012006,0.7773662,0.7552608,0.735109,0.7162682,0.6968694,0.678358,0.6594798,0.6413634,0.6242256,0.608641,0.5931528,0.5790776,0.5654668,0.5537996,0.54492,0.5372886,0.5307134,0.5257172,0.5209406,0.5156716,0.5109484,0.5057778,0.501582,0.4990408,0.4973872,0.4968856,0.4994686,0.5054792,0.5137802,0.5249654,0.5375234,0.5513154,0.5640946,0.5760372,0.5880764,0.6015146,0.6144384,0.6241236,0.633157,0.6444196,0.6573734,0.6703198,0.6842898,0.6964844,0.7082262,0.7228976,0.7366632,0.7506938,0.7679536,Grenache
0.2832024,0.2764918,0.2712548,0.2663762,0.2618,0.2592396,0.2571408,0.256378,0.255936,0.2559134,0.2573072,0.2599346,0.263326,0.2669388,0.272013,0.2768716,0.2828058,0.2893216,0.2973308,0.3069018,0.3150492,0.3214506,0.3243174,0.3259102,0.3257692,0.3254212,0.3261482,0.3291496,0.3357646,0.3484388,0.3727202,0.4155482,0.4880024,0.5999176,0.7406774,0.8809314,0.9744576,1.0178376,1.03405,1.0380296,1.0336404,1.0226618,1.0069954,0.9876976,0.9660344,0.9411626,0.913971,0.8875368,0.859965,0.8334874,0.8081418,0.7836804,0.7614888,0.7409576,0.7216306,0.7025298,0.6838622,0.6659722,0.6488132,0.6323498,0.6171368,0.6030348,0.5893672,0.5762794,0.5655692,0.55713,0.5500176,0.543731,0.5380248,0.5335916,0.529187,0.5252012,0.5208834,0.51738,0.5156426,0.514254,0.5136652,0.5160956,0.5205978,0.5280164,0.536599,0.546454,0.5562252,0.5669052,0.5770318,0.587759,0.600067,0.6120678,0.6223792,0.6326382,0.6447346,0.656138,0.669846,0.6835776,0.6959206,0.707207,0.722948,0.7368032,0.7506056,0.7683156,Grenache
0.237894,0.2304914,0.2247646,0.2194978,0.214954,0.2118734,0.2097758,0.2086316,0.2082938,0.209555,0.212578,0.2171468,0.2221704,0.2267928,0.232297,0.236772,0.2418538,0.247985,0.2556552,0.2645312,0.2720712,0.2779614,0.2800752,0.2805932,0.2798952,0.2790764,0.279336,0.2820116,0.288539,0.300844,0.3250136,0.3683248,0.4426764,0.560657,0.7136242,0.8724398,0.984924,1.0377962,1.0573444,1.0626524,1.0570152,1.0444722,1.026528,1.0036586,0.977739,0.9485548,0.9171188,0.8855396,0.8541024,0.824461,0.7953944,0.768662,0.7447284,0.7228902,0.7022958,0.6822048,0.6623468,0.6415284,0.6229718,0.6055916,0.588986,0.5737876,0.55902,0.5456726,0.5363874,0.526559,0.5194168,0.513686,0.508812,0.5050342,0.4999796,0.4958194,0.4903446,0.4860926,0.4830764,0.4816976,0.4812328,0.4841126,0.4897466,0.4988614,0.5103134,0.5233654,0.537408,0.550176,0.5634352,0.5755552,0.5900232,0.6030792,0.613499,0.6233942,0.6354658,0.648575,0.6628038,0.6767868,0.6893522,0.7022634,0.7126778,0.7295064,0.7418658,0.757915,Grenache
0.2243768,0.2180068,0.212646,0.2080344,0.2036418,0.201043,0.1993378,0.1986328,0.198638,0.1998098,0.2028152,0.2077282,0.2128828,0.2177564,0.2231212,0.2265272,0.23081,0.2366834,0.2439438,0.2524044,0.2593152,0.2649758,0.2666362,0.2669446,0.2660168,0.2652586,0.265488,0.2681252,0.274224,0.2857128,0.3083624,0.3490158,0.418902,0.5274468,0.6682074,0.8139164,0.916691,0.9656016,0.9830328,0.986364,0.9810424,0.9660378,0.9477472,0.9253414,0.8997534,0.8721874,0.84264,0.8133006,0.7852194,0.7569484,0.7308962,0.7065572,0.6850776,0.6654728,0.6475166,0.629618,0.6116792,0.594005,0.5774358,0.562164,0.54779,0.5342248,0.521472,0.5091066,0.498701,0.491252,0.4851156,0.4800958,0.4755808,0.4721274,0.4680676,0.4633994,0.458686,0.454561,0.452559,0.450868,0.450965,0.452606,0.4583376,0.4663786,0.478619,0.4901208,0.503211,0.515463,0.5278318,0.5398746,0.5519882,0.5640182,0.5715104,0.5810382,0.590454,0.6019308,0.6150122,0.6261044,0.6360254,0.6474514,0.6615306,0.672722,0.6850854,0.701115,Grenache
0.2297114,0.2232986,0.2177378,0.212958,0.2083164,0.205432,0.2038066,0.2032038,0.2033382,0.2042882,0.2069316,0.2113782,0.2163796,0.2212604,0.227115,0.2314028,0.2366746,0.2427444,0.2504622,0.2594682,0.266922,0.2728566,0.2751598,0.2757992,0.2750812,0.2741392,0.274568,0.2773642,0.2836552,0.2959904,0.3197222,0.3622254,0.4357408,0.5509162,0.6998088,0.8537882,0.960967,1.0098258,1.0271488,1.029938,1.0235798,1.009361,0.9916904,0.9691724,0.9435002,0.9150938,0.8846186,0.8545916,0.8242924,0.7954858,0.7683214,0.7428574,0.7206928,0.7001608,0.6817776,0.662722,0.6446972,0.6260132,0.6096532,0.5939892,0.5794762,0.5653948,0.5519416,0.5399978,0.529067,0.5209388,0.514143,0.507424,0.5027012,0.4982358,0.493445,0.4884954,0.4828602,0.4781024,0.4756428,0.4730824,0.4729866,0.4750062,0.4802198,0.488554,0.5011564,0.5124354,0.5263274,0.5374638,0.5501494,0.5618886,0.5744186,0.5859132,0.5961492,0.6052908,0.6156532,0.6274862,0.6412476,0.6526568,0.6653652,0.6755996,0.6932688,0.7040206,0.718773,0.735271,Grenache
0.2633708,0.25672,0.2513366,0.246404,0.2418474,0.2392772,0.2375016,0.236836,0.237018,0.2378354,0.2404812,0.244771,0.2495996,0.2546834,0.2605668,0.2648708,0.2700352,0.2762092,0.2838814,0.2926054,0.299923,0.3058638,0.307951,0.308542,0.3078162,0.3069238,0.307175,0.3097428,0.3158038,0.327851,0.3508508,0.3926226,0.4640974,0.5758458,0.7195744,0.8671274,0.9694592,1.017537,1.03513,1.0393044,1.0333278,1.0216632,1.0045978,0.984171,0.9605136,0.9344404,0.9056552,0.877262,0.8492288,0.8217652,0.7957932,0.7714676,0.7498148,0.7302762,0.712514,0.6944958,0.6774904,0.65976,0.6435462,0.6281888,0.6143064,0.6008106,0.58804,0.5756714,0.5662606,0.5580672,0.5514872,0.5452244,0.5399654,0.535375,0.5296666,0.5248996,0.5195948,0.514609,0.5117306,0.509918,0.5086228,0.5108928,0.51622,0.5244302,0.5362136,0.548157,0.5613268,0.5736984,0.586385,0.5971288,0.6104022,0.6224142,0.6314114,0.6415364,0.652064,0.6633072,0.6752032,0.688158,0.6990202,0.7106202,0.7249048,0.7371602,0.7503816,0.7663786,Grenache
0.2547616,0.2493972,0.2448794,0.2409312,0.2372272,0.234816,0.233478,0.233103,0.2332938,0.2347772,0.2380156,0.2437546,0.250033,0.2562256,0.2622974,0.2649936,0.2682956,0.2733686,0.2806066,0.2885882,0.294761,0.299934,0.3010358,0.3006758,0.2996186,0.2985646,0.2988934,0.3014144,0.3070412,0.3180828,0.3389508,0.3763482,0.4396704,0.536218,0.6579962,0.7792322,0.861526,0.9002072,0.9145428,0.9176728,0.912597,0.9027408,0.8895302,0.8726346,0.8527438,0.8310412,0.8071244,0.783948,0.7610576,0.7378762,0.716112,0.69589,0.677189,0.6606042,0.644854,0.6289242,0.6144784,0.5988974,0.5842792,0.5708256,0.5581706,0.5461804,0.5348138,0.5238836,0.5144852,0.5069634,0.5016502,0.4977176,0.4936384,0.4900056,0.4859214,0.4819244,0.477599,0.4745072,0.4730588,0.471324,0.4712542,0.4737232,0.4793172,0.4874522,0.4986302,0.511211,0.5244478,0.5364086,0.5488862,0.5626816,0.5753566,0.585726,0.5930064,0.6005296,0.609384,0.6188914,0.6292368,0.6394824,0.6483978,0.657894,0.6671578,0.6772166,0.6889286,0.7012642,Grenache
0.1874696,0.1796584,0.1731494,0.1666314,0.1615142,0.1579624,0.155081,0.1537832,0.153403,0.1547598,0.158314,0.164242,0.17109,0.1778358,0.1839778,0.187307,0.1905974,0.1954148,0.2028466,0.2109578,0.2176676,0.222914,0.2236334,0.222146,0.2199218,0.2180344,0.2173794,0.21908,0.2247446,0.2355156,0.2572272,0.2965524,0.3649642,0.4747926,0.6212572,0.77701,0.8914772,0.9491092,0.9725688,0.9791974,0.9765304,0.9656752,0.9492714,0.9297518,0.9058906,0.8793644,0.8505198,0.8215604,0.792373,0.7644426,0.7367938,0.7110382,0.6879364,0.6673056,0.648264,0.6286922,0.6097006,0.5903966,0.5724702,0.5556134,0.5394388,0.524317,0.5100082,0.4966788,0.4851278,0.4756136,0.4682514,0.4612208,0.4560338,0.4516706,0.4460402,0.4402648,0.4340064,0.4285332,0.4249824,0.4212874,0.4202268,0.4224062,0.4276706,0.43707,0.4508016,0.4655304,0.4816646,0.4946636,0.5085332,0.5211684,0.534384,0.54661,0.5552916,0.562954,0.5732374,0.5828476,0.5940754,0.6050336,0.6163066,0.6256574,0.639073,0.6477928,0.6614542,0.674027,Treixadura
0.2252966,0.2185056,0.2129838,0.2073764,0.202659,0.1994826,0.1967344,0.1954208,0.1948564,0.195285,0.1974612,0.2013956,0.206171,0.2108078,0.2153876,0.2194864,0.2237938,0.228751,0.2355976,0.2435198,0.250366,0.2556418,0.25706,0.2567038,0.2551812,0.2538362,0.2534426,0.255124,0.2602118,0.2697484,0.2897034,0.3261562,0.3896564,0.4917306,0.6284532,0.7746524,0.8836466,0.9398256,0.963352,0.9712556,0.96864,0.9590382,0.9433574,0.9231158,0.9004614,0.8746246,0.8467398,0.8188628,0.7914338,0.7645456,0.7384262,0.714028,0.6922138,0.6727154,0.6541494,0.636267,0.6186636,0.6012378,0.584528,0.5686968,0.5538314,0.53953,0.526162,0.5135258,0.5032988,0.4933916,0.4856302,0.4792398,0.4733762,0.4683846,0.4630456,0.457415,0.4520418,0.4472378,0.4439748,0.4411236,0.4403086,0.4418586,0.4469808,0.4547192,0.4662378,0.4786618,0.492019,0.5036232,0.5158048,0.5259084,0.5377968,0.5497254,0.559043,0.5673772,0.5771878,0.58741,0.5993068,0.6109912,0.6221942,0.6322816,0.6447296,0.6563548,0.668086,0.6815764,Treixadura
0.1420874,0.1375216,0.133745,0.1294548,0.1260648,0.123857,0.122009,0.1213374,0.1213584,0.1223456,0.124979,0.1293818,0.1345446,0.1393848,0.1437948,0.146561,0.1491712,0.1528416,0.1585042,0.1651498,0.17073,0.1751622,0.175713,0.1748644,0.1733468,0.1720872,0.1716878,0.1732356,0.1780866,0.1865524,0.2041764,0.2359634,0.2920866,0.3843338,0.5125058,0.6582836,0.7771612,0.844901,0.8751806,0.8847736,0.8799324,0.8649118,0.8433998,0.8175732,0.7888324,0.7576024,0.7255906,0.6941402,0.6646442,0.6367464,0.609899,0.585836,0.5641812,0.5448826,0.526918,0.5093302,0.4918844,0.4751004,0.4591314,0.444514,0.4307408,0.4177664,0.4052762,0.3937394,0.3840618,0.375641,0.3694998,0.3640376,0.3600464,0.35685,0.3528392,0.3483366,0.3439448,0.3401232,0.3377728,0.3357104,0.335345,0.3374838,0.3423964,0.3500998,0.3612408,0.3735826,0.3870314,0.3982632,0.4108098,0.4217072,0.4342692,0.44584,0.45345,0.4603744,0.4700244,0.4791608,0.4904672,0.5017934,0.5119646,0.521739,0.5328756,0.5439788,0.556764,0.5689204,Treixadura
0.21711,0.211969,0.2072202,0.2023324,0.1978674,0.194964,0.1925828,0.1913552,0.1907046,0.1915184,0.19379,0.1978616,0.2029862,0.2081394,0.2133808,0.2173632,0.2212386,0.2266506,0.2339146,0.2422904,0.249291,0.2546484,0.2560458,0.2555748,0.2540278,0.252469,0.2519602,0.2539608,0.2598322,0.27029,0.2919758,0.3307204,0.3971614,0.5042928,0.6451294,0.795445,0.9063736,0.9636392,0.9876224,0.9952344,0.991052,0.981382,0.9649936,0.944935,0.9214914,0.8950982,0.8666674,0.8381854,0.8097122,0.7825634,0.7552804,0.730039,0.7071942,0.6858718,0.6661062,0.646674,0.6280228,0.6090588,0.5912356,0.5744778,0.5585252,0.5435546,0.5291318,0.515524,0.5040386,0.494277,0.486439,0.4789942,0.4735748,0.468442,0.463079,0.4580238,0.4523848,0.4479822,0.4454466,0.4432252,0.4422658,0.4442408,0.4499056,0.4573584,0.467603,0.4805722,0.494928,0.5060442,0.5184766,0.5303046,0.5434802,0.5559026,0.5652918,0.5737922,0.5840618,0.595511,0.6081822,0.6203266,0.6318146,0.6432468,0.6518322,0.6660458,0.6815586,0.6941248,Treixadura
0.2360258,0.2300082,0.225663,0.2204502,0.2160876,0.2132584,0.2108518,0.2098474,0.209771,0.2105028,0.2131328,0.2178144,0.2235162,0.2293142,0.2348326,0.239043,0.2430338,0.248001,0.2550944,0.2634024,0.2701268,0.2756474,0.2768824,0.2761498,0.2743126,0.2727526,0.2723198,0.2743014,0.2799766,0.2905366,0.3122206,0.3516172,0.4202966,0.5304556,0.6777296,0.8363044,0.9540612,1.0139264,1.0388002,1.0471112,1.0438774,1.033294,1.0170214,0.9962748,0.9726108,0.945475,0.9159794,0.8862536,0.856078,0.8276954,0.7994286,0.7734036,0.7500592,0.7291896,0.7090698,0.6895578,0.6702742,0.6521724,0.6340546,0.6172378,0.601586,0.5865318,0.5720116,0.558785,0.5464824,0.5372972,0.5291874,0.5220742,0.5161302,0.5107536,0.504993,0.4989618,0.493082,0.4877938,0.4844656,0.4812436,0.4803882,0.4823732,0.4876668,0.4965218,0.5088214,0.523289,0.5386232,0.5513606,0.5650474,0.577007,0.591208,0.6048032,0.6139782,0.6223878,0.6336116,0.6450476,0.6587204,0.6711188,0.6842048,0.6947896,0.7064446,0.720765,0.73347,0.7471,Treixadura
0.2724384,0.266081,0.2608156,0.2549396,0.249854,0.246251,0.2432948,0.2420672,0.2415664,0.2421494,0.245308,0.2513114,0.2587072,0.2661252,0.2729568,0.2771856,0.2813544,0.2873862,0.2963454,0.3060608,0.3140836,0.320397,0.321474,0.3199008,0.3173486,0.3153764,0.3147334,0.3169148,0.323286,0.3353738,0.3599846,0.4045896,0.481151,0.600529,0.7523816,0.9045876,1.007139,1.0532718,1.0710902,1.0763918,1.073792,1.066345,1.0545186,1.0390854,1.0203576,0.9983618,0.9740112,0.948298,0.9218488,0.8959518,0.8703028,0.8457182,0.8230056,0.8020896,0.7826034,0.7634612,0.74503,0.7267574,0.709328,0.693161,0.6770594,0.6614648,0.6465628,0.6327564,0.620284,0.6092146,0.6000676,0.5917798,0.5847802,0.5783956,0.57198,0.5653966,0.5590508,0.5538054,0.5499294,0.5473742,0.5467816,0.5492808,0.5558698,0.5657446,0.5806842,0.596525,0.613181,0.6284914,0.6442014,0.6579868,0.673293,0.688048,0.6983986,0.7081432,0.7189412,0.7312872,0.7443462,0.7559848,0.7681074,0.778894,0.794181,0.8055514,0.8200222,0.8339976,Treixadura
0.24649,0.2413562,0.237115,0.2320622,0.2274912,0.2244012,0.2218712,0.220574,0.2197244,0.2196588,0.2211278,0.2245392,0.228929,0.2337754,0.23908,0.2441338,0.2494214,0.255506,0.2639798,0.2735544,0.2816938,0.2878388,0.2898796,0.289872,0.2883866,0.2869672,0.2868628,0.2889836,0.2955616,0.3073668,0.3314034,0.3746892,0.4491186,0.5635504,0.7076084,0.8488576,0.9394172,0.9786004,0.9930008,0.997313,0.994576,0.9883464,0.9780572,0.9651848,0.9492058,0.9303898,0.9088216,0.885738,0.8620062,0.8387446,0.8147486,0.7921012,0.7707266,0.7503804,0.7310768,0.712335,0.6944412,0.677059,0.6600326,0.6435158,0.6277728,0.6125542,0.597606,0.5840198,0.5721526,0.5609236,0.5517388,0.5429814,0.535628,0.529178,0.5230684,0.5172544,0.511656,0.5070504,0.5039112,0.5014918,0.5008548,0.5027794,0.507579,0.5155212,0.5261942,0.5375626,0.5503968,0.5608916,0.5724322,0.5829858,0.5942584,0.6067768,0.6160566,0.625644,0.6362054,0.6482126,0.660689,0.6720214,0.6842598,0.6949938,0.710128,0.7199958,0.735757,0.747682,Treixadura
0.2725844,0.267725,0.2640014,0.2592826,0.2552362,0.252287,0.2499104,0.248711,0.2479168,0.2476348,0.2489282,0.2518038,0.2557974,0.260518,0.2660202,0.271617,0.2773094,0.283834,0.2925234,0.3026072,0.3111592,0.3177894,0.3202268,0.3207664,0.3196552,0.318603,0.3187566,0.3212336,0.3282398,0.3406958,0.3655328,0.4105156,0.487873,0.607602,0.7601304,0.911018,1.0098552,1.0530048,1.0689958,1.073991,1.0712768,1.0632094,1.0514606,1.037499,1.0189886,0.9985946,0.9748688,0.9494086,0.9247724,0.8982918,0.8722166,0.8474676,0.8233748,0.8013886,0.7798888,0.75995,0.7403632,0.7215666,0.7031474,0.6857592,0.6694682,0.653216,0.6376802,0.6231266,0.6106764,0.5992228,0.589208,0.5800516,0.5721748,0.5660512,0.5598618,0.5536792,0.547809,0.544063,0.5410734,0.5382532,0.5379852,0.5398838,0.545445,0.5529072,0.5630576,0.574509,0.5864728,0.5971472,0.6093028,0.61993,0.6332054,0.6464718,0.6582876,0.6681782,0.6804402,0.6930362,0.7084018,0.72175,0.7346276,0.747355,0.7645574,0.7762466,0.791932,0.804941,Treixadura
0.255576,0.2506946,0.246839,0.2428228,0.2397972,0.2375652,0.2366276,0.2367574,0.237194,0.2392406,0.2441182,0.2511656,0.2589372,0.26683,0.273776,0.2762194,0.2786374,0.2828498,0.2898548,0.2974522,0.3030638,0.307247,0.3074446,0.305468,0.3033726,0.3018216,0.3016788,0.3037244,0.3093516,0.3196878,0.340231,0.378195,0.444316,0.5492666,0.6868104,0.8352136,0.9458766,1.0031334,1.026219,1.0317466,1.026205,1.012647,0.9937868,0.9713102,0.9449972,0.916624,0.8864772,0.8569284,0.8270084,0.8005592,0.774337,0.7503726,0.7292764,0.7101258,0.6926342,0.6752398,0.6581088,0.64151,0.6250012,0.610193,0.5970336,0.5834732,0.571271,0.559535,0.5503612,0.5418384,0.5354322,0.529558,0.5249352,0.5211258,0.5151932,0.5099728,0.504595,0.4996206,0.4970448,0.4940038,0.493353,0.4955154,0.5018002,0.5117428,0.5258706,0.5426674,0.5587742,0.5734366,0.588594,0.603306,0.6187796,0.6313696,0.6377912,0.6453812,0.6540876,0.6634358,0.674403,0.6852496,0.6949244,0.7034238,0.7116614,0.7229658,0.7364674,0.7493242,Tempranillo
0.187689,0.1821404,0.1779724,0.1736282,0.1703162,0.167842,0.1665384,0.1660868,0.1664172,0.1682852,0.1727846,0.1793694,0.1870854,0.1944068,0.2012948,0.2037722,0.2065404,0.2114174,0.219039,0.2271434,0.233781,0.2383764,0.2390492,0.2375058,0.2356278,0.2340886,0.2343046,0.2367952,0.2428588,0.2537156,0.2755014,0.3156644,0.3856556,0.495307,0.6400526,0.7942514,0.9091816,0.9672608,0.991285,0.99644,0.9901156,0.9754038,0.9549038,0.9308084,0.9027328,0.8725492,0.8406498,0.8093798,0.7786776,0.7498518,0.722174,0.6976668,0.6741392,0.6543054,0.6352684,0.616499,0.5987532,0.5808138,0.563723,0.5480022,0.5337716,0.5195316,0.5065134,0.4936638,0.483,0.4742178,0.4668724,0.461325,0.4567182,0.4524036,0.4473134,0.4421034,0.4369582,0.4324218,0.4299318,0.4272176,0.4274212,0.4303888,0.4363408,0.4462342,0.459946,0.4761636,0.4926488,0.5061166,0.5211892,0.5354518,0.5514494,0.5636598,0.57294,0.5801878,0.5896192,0.5996158,0.6110882,0.6232036,0.6345086,0.6435088,0.6540224,0.6652202,0.6790356,0.6896264,Tempranillo
0.2171972,0.2119266,0.2080408,0.203999,0.2009232,0.1984078,0.197,0.196482,0.1966228,0.1981402,0.2018536,0.2068794,0.2124354,0.2176176,0.223327,0.2270262,0.2310448,0.2361016,0.2432016,0.251283,0.2580152,0.2628158,0.2643532,0.2641314,0.2629852,0.2620244,0.2623966,0.2648802,0.2709,0.281574,0.3030526,0.342856,0.4120414,0.5210886,0.6653092,0.819723,0.9336584,0.9918248,1.014896,1.0209018,1.0146332,1.0000838,0.9804656,0.957084,0.9288954,0.8991336,0.867452,0.8364924,0.806048,0.7771662,0.7487846,0.7238714,0.7007832,0.6801796,0.660849,0.641925,0.6236978,0.6053532,0.5880008,0.5719536,0.5572582,0.5426146,0.5291724,0.5160642,0.5055614,0.4960178,0.4886848,0.482762,0.4780694,0.4741658,0.4696556,0.4644176,0.4594308,0.4550388,0.4527662,0.4504076,0.450708,0.4527022,0.4588894,0.4675164,0.4800792,0.4938554,0.508196,0.5202392,0.5338376,0.5461074,0.5591714,0.5728376,0.582387,0.5905308,0.6004414,0.6128286,0.625828,0.6384792,0.6497642,0.6601866,0.6743406,0.6873788,0.7032402,0.7156008,Tempranillo
0.2029428,0.1975548,0.1931706,0.1889686,0.1852412,0.1828476,0.1816742,0.1811344,0.1812388,0.182561,0.185755,0.190585,0.1962266,0.2019616,0.2082762,0.212353,0.2170638,0.2228376,0.230769,0.2398412,0.2472508,0.252791,0.2546,0.254654,0.2536586,0.252635,0.253111,0.2557626,0.2625774,0.2743396,0.2978146,0.3404764,0.4135614,0.5260054,0.6681872,0.8114636,0.909008,0.9533526,0.969401,0.9720968,0.966874,0.9545996,0.939607,0.9207328,0.8985472,0.873256,0.8466614,0.8199766,0.7929404,0.767264,0.741653,0.718031,0.6963852,0.6769056,0.6590306,0.6409468,0.6236672,0.6065252,0.5901696,0.5749578,0.5605682,0.5464166,0.533517,0.5211178,0.5113618,0.5018412,0.4941132,0.4877418,0.4819728,0.4771462,0.471287,0.466271,0.4608818,0.4561566,0.4540808,0.4515394,0.4510242,0.453552,0.4587396,0.4673938,0.4790372,0.4925818,0.5051634,0.5173836,0.5298108,0.5419476,0.55476,0.5672076,0.5771658,0.5849994,0.5943258,0.606937,0.6179268,0.6310396,0.6426792,0.6529326,0.664278,0.6780486,0.6887106,0.7041662,Tempranillo
0.2051084,0.1996534,0.195885,0.1915812,0.1881854,0.1860488,0.185001,0.1847654,0.1850654,0.1867308,0.1905392,0.1962824,0.2026822,0.20885,0.2153474,0.218989,0.2228468,0.2281624,0.2358576,0.244416,0.251281,0.2564284,0.2578016,0.2571324,0.2558484,0.2546742,0.2550356,0.2577572,0.2640682,0.2753816,0.298128,0.339932,0.4116176,0.5229636,0.66533,0.8114258,0.9114958,0.958581,0.975423,0.979636,0.9743526,0.9621306,0.9460056,0.9269568,0.9039882,0.8783506,0.8506562,0.8229886,0.7957036,0.7690734,0.7432364,0.719904,0.6981854,0.6790338,0.6611108,0.6432216,0.6253574,0.608723,0.5925556,0.5774196,0.5633228,0.5493154,0.5364464,0.5241864,0.5140354,0.5048152,0.4977492,0.4910426,0.4857248,0.481403,0.4757794,0.4697302,0.4645466,0.4598502,0.4562418,0.4537884,0.4533486,0.4560106,0.461281,0.4705108,0.4835174,0.4983648,0.5127238,0.5249,0.5388766,0.5520858,0.56557,0.5784684,0.5868608,0.595246,0.6043728,0.6157272,0.6277214,0.638861,0.6501934,0.660698,0.6708288,0.6840118,0.7000096,0.7125808,Tempranillo
0.2152596,0.2099364,0.206472,0.2027042,0.199725,0.1977884,0.1968826,0.1966444,0.1972164,0.1991672,0.2032604,0.209335,0.2158062,0.2223536,0.2286804,0.231949,0.2357064,0.240554,0.247621,0.2552616,0.261469,0.2659884,0.2670434,0.2661606,0.2647964,0.2634932,0.2636182,0.266195,0.2720066,0.2824888,0.3036826,0.3427894,0.4112126,0.5180498,0.6591786,0.8103772,0.9216818,0.9779816,0.9996566,1.0046118,0.9979066,0.9840402,0.9644324,0.9422842,0.9155482,0.8870642,0.856716,0.8263,0.7961882,0.7694836,0.7424716,0.718576,0.6965598,0.6777966,0.6598642,0.6423478,0.624907,0.6082704,0.5920586,0.5774588,0.5637136,0.550034,0.537554,0.5253476,0.5149886,0.5073062,0.499862,0.4943298,0.4894506,0.4852714,0.4795866,0.474021,0.4686198,0.4644034,0.4611382,0.4577758,0.4571888,0.4594114,0.4647684,0.4743248,0.4867192,0.5026228,0.517822,0.5313678,0.5453838,0.5580528,0.572613,0.5844984,0.5944728,0.6001682,0.6102834,0.6204722,0.6327832,0.644211,0.6543912,0.6647442,0.6723506,0.6868414,0.700162,0.712292,Tempranillo
0.1950304,0.1888418,0.1837696,0.1789104,0.1746862,0.1721022,0.1702034,0.1691234,0.1688008,0.1691254,0.1711644,0.1743438,0.177937,0.181653,0.186599,0.1906958,0.1954608,0.2008082,0.2078106,0.2161368,0.223551,0.2291374,0.2314618,0.2324866,0.232309,0.2316348,0.2320854,0.2347262,0.2406228,0.2519822,0.2738716,0.3131762,0.381492,0.4914152,0.6376742,0.7945016,0.9108812,0.9686004,0.9915404,0.9960998,0.9882234,0.972198,0.9507074,0.924035,0.894997,0.862508,0.8294688,0.7970246,0.7654624,0.7359036,0.707192,0.6805134,0.6569372,0.6357602,0.6157232,0.5963316,0.5780728,0.5598414,0.5426128,0.5270842,0.51242,0.4981406,0.4848788,0.4726,0.461932,0.4530156,0.4458512,0.439453,0.434046,0.4305314,0.4258872,0.4216684,0.4174742,0.4136138,0.411682,0.4100642,0.4103024,0.4129082,0.4178958,0.4252012,0.43533,0.4457544,0.4564916,0.467578,0.478566,0.4897116,0.5021936,0.5140738,0.5241938,0.5343492,0.5447216,0.5562894,0.5705562,0.5839394,0.5961518,0.6083394,0.622152,0.6363694,0.6482176,0.6646996,Tempranillo
0.1934752,0.1885654,0.1840016,0.1802554,0.176777,0.174606,0.1732388,0.1727248,0.1732634,0.1750654,0.1792886,0.185638,0.192371,0.1991876,0.2050868,0.2067838,0.2084224,0.2123106,0.2182656,0.2248252,0.2299374,0.2340384,0.234004,0.232474,0.2306672,0.2293674,0.2292714,0.2310738,0.2357556,0.245264,0.2638554,0.2975502,0.3567262,0.4535246,0.58578,0.7327048,0.8493458,0.9119104,0.9374966,0.943942,0.936195,0.9194776,0.8959496,0.8689916,0.8390468,0.8067564,0.7738262,0.7420022,0.7113104,0.6836298,0.6569402,0.6332006,0.6117288,0.5931776,0.5759986,0.5588846,0.5421294,0.5252338,0.5098806,0.4958608,0.4826512,0.470124,0.458212,0.4470056,0.4373428,0.430004,0.4245028,0.4205492,0.4166636,0.4139634,0.4098108,0.4054804,0.4009762,0.3971994,0.3952138,0.3932682,0.3935846,0.3956238,0.4016488,0.410789,0.423942,0.4388368,0.4541052,0.4678204,0.4812052,0.4953112,0.5108556,0.5217482,0.5274294,0.5336722,0.5428978,0.5518894,0.5614802,0.5717228,0.5803702,0.5891322,0.5973058,0.6069238,0.6168774,0.630933,Tempranillo
0.2437552,0.2380552,0.233401,0.2286752,0.2251048,0.2225098,0.2204278,0.219865,0.2199274,0.2208788,0.2238176,0.228401,0.2333204,0.2388542,0.2444708,0.2489452,0.2536888,0.2589938,0.2664758,0.2744706,0.2818202,0.2871098,0.2888848,0.2887858,0.2877502,0.286785,0.2866052,0.2888522,0.2951002,0.3064118,0.3287144,0.3696918,0.4415186,0.5546154,0.7054226,0.8670878,0.9874166,1.0479734,1.0725256,1.079179,1.0747878,1.0614368,1.0442322,1.0212264,0.995473,0.965632,0.9347298,0.9028418,0.8721538,0.8420332,0.8136602,0.7868044,0.7633742,0.7421766,0.722338,0.7024656,0.683194,0.6636592,0.6455218,0.628992,0.6132182,0.5983222,0.5844512,0.5715658,0.561489,0.5518948,0.5447428,0.538623,0.532563,0.527427,0.522449,0.5165464,0.5108992,0.5057202,0.5018402,0.4988634,0.4982378,0.5009254,0.5059978,0.5154394,0.5279172,0.5416438,0.5565594,0.568935,0.5831268,0.5962404,0.609526,0.6232974,0.6337204,0.6425924,0.6531372,0.6669812,0.6795056,0.6925734,0.704148,0.7160708,0.7298458,0.742815,0.7550904,0.7708012,Syrah
0.2755128,0.2707348,0.266637,0.2624432,0.259053,0.2566578,0.2547724,0.25435,0.25447,0.2554254,0.2582722,0.2626236,0.2669688,0.2717884,0.2769448,0.281539,0.2860558,0.2908284,0.2975454,0.3050196,0.3116112,0.316624,0.3182104,0.3183164,0.3171598,0.3161534,0.3160922,0.3181982,0.3240514,0.3343884,0.3550764,0.3933782,0.4607994,0.5674664,0.7103834,0.8642758,0.9792834,1.038287,1.0624924,1.0696136,1.0658528,1.0544728,1.0382806,1.017206,0.992221,0.9647504,0.9344908,0.9044556,0.8738276,0.8468144,0.8198208,0.7945444,0.7729902,0.7537214,0.735698,0.7173968,0.6992274,0.6811548,0.6637208,0.6480144,0.6338934,0.6197692,0.6066952,0.594556,0.5834792,0.5755088,0.5692024,0.5632288,0.557871,0.5533424,0.5480658,0.5422454,0.536609,0.5309938,0.5272914,0.5239152,0.5227858,0.52511,0.5296834,0.5386928,0.5511258,0.5642324,0.5786278,0.5907152,0.6043078,0.6158242,0.6279078,0.6407086,0.6510504,0.6586692,0.6674262,0.6793518,0.691693,0.7049302,0.71509,0.7263838,0.7402706,0.7536558,0.7647442,0.780857,Syrah
0.2627842,0.2591056,0.2554014,0.251386,0.2479506,0.2455568,0.243378,0.2425368,0.2426182,0.2435068,0.2460336,0.250101,0.2540848,0.2584948,0.263395,0.2683582,0.2736896,0.2790216,0.2863352,0.294595,0.301934,0.3074852,0.3095776,0.3102284,0.3095624,0.3087566,0.3088528,0.3113238,0.3177726,0.3288828,0.3511346,0.39184,0.4636902,0.5765334,0.7275826,0.890692,1.012142,1.0728526,1.0968218,1.1030156,1.0959958,1.0819326,1.0624666,1.0382306,1.0098732,0.9790104,0.9460792,0.9136936,0.8807428,0.8502172,0.821549,0.7948476,0.7708482,0.7493646,0.7293396,0.709772,0.6902598,0.6708058,0.6528116,0.6357578,0.620643,0.6053426,0.5913238,0.5780582,0.5662178,0.5567672,0.5493314,0.5426992,0.5373862,0.5327902,0.5277272,0.522415,0.5165064,0.5118534,0.5082504,0.5055172,0.5054782,0.507714,0.5126412,0.5209094,0.5317474,0.5442622,0.55734,0.568534,0.580724,0.5916,0.6035182,0.6164,0.625942,0.6344492,0.644452,0.6566718,0.6685582,0.6818066,0.6929416,0.7054222,0.7213938,0.7345638,0.7491548,0.7652054,Syrah
0.1873036,0.1857758,0.184635,0.1829132,0.1815826,0.1809528,0.1801144,0.1800272,0.18012,0.1807412,0.182564,0.184801,0.1871022,0.1894038,0.1920032,0.1947184,0.1977034,0.2008218,0.2054158,0.2109144,0.2160748,0.2197422,0.2208128,0.22148,0.221201,0.2209352,0.2211202,0.223142,0.2278294,0.2350874,0.2497108,0.2768084,0.324831,0.402008,0.5087116,0.6288202,0.7242092,0.7750118,0.796143,0.8008216,0.7929516,0.7766752,0.7560896,0.7320048,0.7053108,0.6779942,0.6500168,0.6238164,0.5993266,0.575324,0.5531052,0.5330288,0.5152284,0.4989394,0.4838264,0.4694824,0.45553,0.4418586,0.4287458,0.416999,0.4062538,0.3957618,0.3857576,0.3762636,0.3684418,0.3625758,0.357905,0.354642,0.351846,0.3502688,0.3479442,0.3459256,0.3437226,0.3417382,0.3405248,0.3395806,0.3398694,0.3421522,0.3459256,0.3509098,0.3580826,0.3646336,0.3732188,0.3794814,0.3878556,0.3948494,0.4026234,0.4114032,0.4186424,0.424863,0.4320438,0.4412178,0.4498412,0.4599402,0.468936,0.4779256,0.4879524,0.4977066,0.508277,0.518807,Syrah
0.2410078,0.2374378,0.2349612,0.2317462,0.2294166,0.2276516,0.226264,0.2262222,0.2267784,0.228102,0.2314086,0.2361924,0.2409436,0.2459842,0.2513914,0.2553502,0.2593316,0.26376,0.2700534,0.2771778,0.283319,0.2877542,0.289028,0.2889638,0.2879746,0.2870968,0.2871658,0.2894282,0.2950382,0.3048206,0.3244262,0.360826,0.4248986,0.5255192,0.6612038,0.8100234,0.9243656,0.9830368,1.0064162,1.0117398,1.0059076,0.9914812,0.972046,0.9490228,0.922283,0.893472,0.8625486,0.8326374,0.803174,0.7759038,0.7491286,0.725454,0.704194,0.6852404,0.6677896,0.6502636,0.6330748,0.6162184,0.6000976,0.5852802,0.5720704,0.5587142,0.5464294,0.5352982,0.5243434,0.5172868,0.5116,0.505889,0.501549,0.4977642,0.493104,0.488448,0.4832616,0.4785482,0.47559,0.472505,0.471713,0.4742078,0.4787996,0.4877334,0.499335,0.5120358,0.5257538,0.5365104,0.5491452,0.5612488,0.5730802,0.5845976,0.5928218,0.6009702,0.6090894,0.6197594,0.6306168,0.642974,0.653743,0.663037,0.6766276,0.6881628,0.7009218,0.7136324,Syrah
0.2233862,0.2194032,0.2167236,0.2131948,0.2108696,0.209273,0.2078398,0.2075614,0.2077828,0.2089496,0.2120204,0.2163802,0.220933,0.2257908,0.2310614,0.2350566,0.2394368,0.2440248,0.2509874,0.2584888,0.2651392,0.2701692,0.271663,0.2721118,0.2714446,0.2705142,0.2707982,0.2732464,0.279683,0.2901864,0.3113448,0.350328,0.418968,0.527459,0.6741788,0.8338628,0.9555796,1.0183486,1.0434942,1.0493044,1.0428062,1.0287912,1.0092008,0.9845004,0.9562474,0.9247926,0.8918364,0.8596214,0.8281832,0.7982002,0.768861,0.7431192,0.7189406,0.6976678,0.6776324,0.6583162,0.6395288,0.6207046,0.602913,0.586624,0.5719564,0.5573774,0.5440196,0.5316856,0.5240094,0.513971,0.5062326,0.5005794,0.4953286,0.4911364,0.4862136,0.4815224,0.4763046,0.4722714,0.4687782,0.4663942,0.4656362,0.46881,0.4742182,0.4827504,0.492907,0.5071376,0.5214024,0.5330134,0.5465224,0.5593716,0.5731318,0.5868624,0.5948862,0.6054924,0.6167394,0.6296882,0.6425408,0.6569946,0.6688646,0.68229,0.6927222,0.7082282,0.722992,0.735156,Syrah
0.2881978,0.2839476,0.2810178,0.2775094,0.274624,0.2725742,0.270817,0.2704446,0.2708094,0.272288,0.2758978,0.2809686,0.286093,0.2910254,0.2963356,0.3009478,0.3056144,0.3104804,0.3176498,0.3252446,0.3319374,0.336864,0.3381696,0.3382074,0.3369116,0.335944,0.336069,0.3381184,0.3440742,0.354556,0.3758548,0.4156484,0.4858768,0.5972408,0.7484368,0.913941,1.0412794,1.1071024,1.1337356,1.140997,1.1343256,1.1190096,1.0977602,1.0721254,1.0425152,1.0103404,0.976115,0.9419854,0.9087478,0.8783804,0.8492608,0.822927,0.799222,0.77885,0.759925,0.7412982,0.7217936,0.7031812,0.6852576,0.6693494,0.6546832,0.639967,0.6263938,0.6138572,0.6027772,0.5949948,0.5878754,0.5821544,0.5772548,0.5728048,0.5674302,0.5617066,0.5557878,0.5499844,0.5459876,0.5425176,0.5415934,0.5438804,0.5492716,0.5587696,0.5721754,0.5867426,0.6025526,0.6143486,0.6283818,0.6408662,0.6535818,0.666417,0.6765018,0.684426,0.6937976,0.706807,0.7194378,0.7322822,0.7430654,0.755502,0.7687188,0.7816152,0.7966508,0.808247,Syrah
0.2788294,0.2751396,0.2727056,0.2697534,0.2671722,0.265555,0.2640342,0.2640296,0.2643848,0.2653018,0.2683954,0.2726838,0.2772308,0.2821662,0.2869164,0.29121,0.2957906,0.3006356,0.3071958,0.3145002,0.3210946,0.3258514,0.3272534,0.3273686,0.326406,0.3254222,0.3255472,0.3277264,0.3335284,0.343485,0.3635644,0.4012236,0.4679058,0.5728406,0.7148006,0.8712176,0.9918692,1.0548244,1.0801598,1.0870984,1.081191,1.0668508,1.046724,1.0221714,0.9944098,0.9630042,0.9307416,0.8993626,0.8676186,0.8387358,0.811189,0.7859766,0.7632612,0.743783,0.7254542,0.7072718,0.6891434,0.6714128,0.6544728,0.639341,0.6250592,0.6109904,0.5984538,0.586186,0.5757886,0.5684176,0.5619352,0.5565202,0.5512302,0.5472066,0.542256,0.5368852,0.5315622,0.526625,0.5231724,0.5203156,0.5193122,0.5213352,0.5266222,0.5356486,0.5469512,0.5605208,0.5744782,0.58617,0.5990668,0.6104628,0.6228992,0.6355206,0.6448872,0.6535366,0.6630974,0.674984,0.6872656,0.699293,0.7119464,0.7228162,0.7335592,0.7479344,0.7597866,0.7747414,Syrah
0.2597224,0.254745,0.2508072,0.2465372,0.2432644,0.2407254,0.2391544,0.2388132,0.239362,0.241154,0.2455124,0.2517774,0.2582538,0.264359,0.2709856,0.2753236,0.2798118,0.2851904,0.2927142,0.300549,0.3071182,0.312092,0.3132558,0.3125476,0.3109264,0.3095538,0.3094628,0.311707,0.317627,0.3286478,0.3509542,0.3921666,0.4643544,0.5794104,0.7320576,0.895807,1.015163,1.072364,1.0937086,1.0993574,1.0935088,1.0792466,1.0606678,1.0391132,1.0127772,0.982668,0.9512086,0.9195432,0.8886352,0.8583056,0.8297244,0.8042752,0.7814406,0.7613698,0.743044,0.7249492,0.7061614,0.6882254,0.671264,0.6553794,0.6406064,0.626197,0.612783,0.5999524,0.5894304,0.5805862,0.5732304,0.567036,0.5613786,0.5564492,0.550255,0.5442474,0.5376386,0.5318174,0.5274988,0.523791,0.5225232,0.5242512,0.5298706,0.540078,0.5554424,0.5711022,0.5880528,0.6023066,0.6172164,0.6304168,0.644359,0.6565024,0.6662102,0.6740644,0.6834284,0.6962772,0.7080356,0.7214128,0.732434,0.7450714,0.7577394,0.7709494,0.7849282,0.8006896,Albariño
0.2273284,0.2203464,0.2139472,0.207887,0.203075,0.1995066,0.1971502,0.1959112,0.1955932,0.196873,0.2003658,0.2052852,0.2108912,0.2159678,0.221969,0.226157,0.2306248,0.2359136,0.24298,0.2509364,0.2577034,0.262369,0.2637,0.263066,0.261447,0.2598394,0.259293,0.2611658,0.2665484,0.2773532,0.298971,0.3386486,0.4071442,0.5163184,0.6589086,0.8067092,0.9108422,0.9616438,0.9810146,0.985719,0.9819732,0.97063,0.9557778,0.9369822,0.9147872,0.888922,0.8614146,0.8336684,0.8057006,0.7792428,0.7534968,0.7301086,0.709639,0.6913634,0.6739886,0.6571722,0.6402154,0.6234236,0.6069384,0.591813,0.5781526,0.5639226,0.550947,0.538504,0.5281512,0.5188588,0.5111222,0.504986,0.4992714,0.4946518,0.4885206,0.4826792,0.4766234,0.4712232,0.4677192,0.4638588,0.4628142,0.4646364,0.4699348,0.4790506,0.4923196,0.5061286,0.520633,0.533258,0.545907,0.5569342,0.5689364,0.580909,0.5892578,0.5970034,0.6055658,0.6159226,0.6265334,0.6378048,0.6482612,0.6577818,0.6667694,0.6788036,0.691148,0.702399,Albariño
0.2391816,0.2329794,0.227384,0.2217166,0.2173402,0.214105,0.2121246,0.2109166,0.2106494,0.2119506,0.2150264,0.2194296,0.2242404,0.228407,0.2335942,0.2376686,0.242042,0.2471074,0.2537856,0.2615642,0.2679804,0.2724728,0.2742772,0.2742414,0.2730186,0.2715454,0.2712498,0.2730716,0.2782572,0.2883808,0.3088186,0.3465976,0.4128988,0.52124,0.669402,0.835035,0.9638502,1.0320196,1.0601468,1.068499,1.0625272,1.046778,1.0245054,0.9983858,0.9680112,0.9340056,0.8989674,0.8641232,0.8310964,0.7999154,0.7699232,0.7443972,0.7214012,0.7014758,0.68317,0.665042,0.6465864,0.6285126,0.6113882,0.5958092,0.5812006,0.5667992,0.5535552,0.5410538,0.5305094,0.5214308,0.5141172,0.5082652,0.5033354,0.4992166,0.4939112,0.48784,0.4823472,0.4767232,0.4729906,0.469806,0.4688004,0.4709482,0.4766172,0.4857354,0.4991452,0.513125,0.5285328,0.5412044,0.5542442,0.5658356,0.5777288,0.590412,0.5998636,0.6082992,0.6176714,0.629361,0.6419786,0.6540074,0.6648266,0.6756114,0.6905336,0.7033996,0.7205636,0.7344124,Albariño
0.2108124,0.204687,0.1993168,0.1940072,0.1899732,0.1870462,0.1853148,0.184567,0.1846736,0.1863736,0.1904766,0.1960686,0.2024912,0.2084044,0.2148,0.2183456,0.22224,0.2274192,0.2347086,0.24282,0.249409,0.254132,0.2552278,0.2544346,0.2531184,0.2514966,0.2513744,0.2534992,0.2592266,0.2704556,0.2925388,0.332676,0.40168,0.511444,0.655292,0.805713,0.9143266,0.9678694,0.9885324,0.9939992,0.9893954,0.9769864,0.9598932,0.9393106,0.9148028,0.8870784,0.8576902,0.8285946,0.7996566,0.7721086,0.7458108,0.7213732,0.699787,0.68037,0.662346,0.6446118,0.626911,0.6094678,0.5924434,0.5770644,0.5632972,0.5487698,0.5356102,0.522986,0.5118422,0.50374,0.4965884,0.4910732,0.4861034,0.4821186,0.4769594,0.4714776,0.4661296,0.4613256,0.4579904,0.4550232,0.4546816,0.4567972,0.4629502,0.4727532,0.4864378,0.5021882,0.5183716,0.532192,0.5467716,0.5601526,0.575289,0.587701,0.5967004,0.6041654,0.614665,0.6262804,0.6385998,0.6520486,0.6629536,0.6741392,0.6859392,0.6975792,0.7134328,0.7277982,Albariño
0.2229712,0.2159952,0.2100022,0.204188,0.1996396,0.1962866,0.1943518,0.1934006,0.1933226,0.1950196,0.199314,0.2055626,0.2126112,0.2195952,0.2268832,0.2305278,0.2345454,0.2402752,0.2482894,0.2567996,0.26385,0.2688798,0.2700006,0.2686686,0.2669116,0.2652336,0.2649144,0.2671276,0.2732186,0.2852202,0.3088332,0.351604,0.4244018,0.5394914,0.688952,0.844718,0.9568198,1.011364,1.0336416,1.0395992,1.0357472,1.0243398,1.0081064,0.9879308,0.9637144,0.9362168,0.9066874,0.876998,0.8481252,0.8196496,0.7923378,0.7665534,0.744097,0.7233814,0.7040176,0.6848436,0.666405,0.6482652,0.6305468,0.6140898,0.5988942,0.5840842,0.5698292,0.5564052,0.5447682,0.5356646,0.5278194,0.5214568,0.5156294,0.5109886,0.5048498,0.4990846,0.4929094,0.4880458,0.4842346,0.481508,0.4809532,0.4832386,0.4890278,0.4990236,0.5134142,0.5297876,0.5470178,0.5624222,0.5775726,0.592294,0.6071472,0.6209894,0.629949,0.6382482,0.6490196,0.6611966,0.673815,0.6867336,0.6990372,0.7097018,0.7210566,0.7346754,0.749963,0.765446,Albariño
0.2431894,0.2358828,0.2296348,0.2235354,0.218547,0.2151562,0.2125176,0.2113338,0.211099,0.2130072,0.217668,0.2249072,0.2327916,0.2396006,0.2463016,0.2497116,0.2537134,0.259218,0.2668308,0.2749094,0.2812002,0.2856906,0.2861076,0.283943,0.2813374,0.2790088,0.2781392,0.279644,0.2846448,0.2946558,0.3159276,0.355591,0.423745,0.532699,0.6758068,0.828065,0.9404732,0.9972588,1.0211756,1.0283408,1.0243096,1.0142942,0.9980596,0.978305,0.9536768,0.9275826,0.8985282,0.869721,0.8411,0.8145314,0.7890804,0.7663986,0.7460074,0.7286736,0.7122616,0.6966332,0.6813928,0.666078,0.6510846,0.6374776,0.6243524,0.6109404,0.5979794,0.585044,0.5744714,0.564709,0.5559044,0.5484668,0.5417978,0.5363184,0.5294888,0.522366,0.5159748,0.5095544,0.505869,0.5020388,0.5003704,0.502653,0.5094316,0.5206254,0.5375606,0.5565128,0.5763114,0.5929412,0.6096564,0.6228628,0.637143,0.6501484,0.6597514,0.6661024,0.676148,0.6857386,0.6974378,0.7076132,0.7176948,0.7271572,0.736136,0.7479574,0.7616228,0.7739466,Albariño
0.2371184,0.2320298,0.2276878,0.2231398,0.2197504,0.2170464,0.2154188,0.2146014,0.214407,0.2157248,0.2189076,0.2229804,0.2276224,0.2315126,0.236349,0.24031,0.2444554,0.2494404,0.2558006,0.2635226,0.2699508,0.2745516,0.2765144,0.276948,0.2764446,0.2753536,0.2754932,0.2776916,0.2830024,0.2930282,0.3132428,0.350135,0.4148058,0.5190798,0.6594046,0.8128018,0.9293942,0.9896176,1.0132962,1.0187392,1.0114878,0.995019,0.9741318,0.9480232,0.919115,0.8873696,0.853999,0.821218,0.79063,0.761143,0.7339758,0.7100852,0.6882018,0.6691902,0.6518944,0.6347424,0.6176868,0.6006692,0.5850626,0.5702962,0.5567672,0.5430978,0.5302174,0.5182096,0.5081816,0.499875,0.4931094,0.4877448,0.483845,0.4805624,0.475559,0.470625,0.4661372,0.4613846,0.4585748,0.4559066,0.4556094,0.4580062,0.4634648,0.4721238,0.4838984,0.4964456,0.510616,0.5221126,0.5339438,0.5443864,0.5564746,0.5686154,0.5776932,0.5855002,0.5944748,0.6056964,0.61704,0.6303734,0.6393818,0.6503116,0.6629254,0.6767108,0.6907758,0.7028928,Albariño
0.271472,0.264899,0.259141,0.2535364,0.2489508,0.2457324,0.2435126,0.2424044,0.2421942,0.2436164,0.2475228,0.2528048,0.258557,0.2637898,0.269832,0.274073,0.2788616,0.2847988,0.2921604,0.3006144,0.3077432,0.3127524,0.3141768,0.3140108,0.3125892,0.310948,0.3107106,0.3128754,0.3186384,0.3296908,0.352417,0.394511,0.4677228,0.585266,0.7422522,0.9100306,1.0319474,1.0909598,1.1135532,1.1185258,1.1146568,1.1019392,1.0849668,1.0626142,1.0361842,1.0057964,0.9735612,0.9408916,0.9087648,0.8774602,0.8483542,0.8217958,0.7982128,0.777923,0.7591616,0.7400726,0.720796,0.7022458,0.684698,0.6681884,0.6528934,0.6375938,0.6237034,0.6099366,0.5998638,0.589664,0.5816436,0.5747132,0.5686266,0.5637142,0.5573502,0.5503366,0.5438174,0.5377684,0.5336432,0.5298034,0.5286804,0.5309938,0.536907,0.5468888,0.5611988,0.5770768,0.5924876,0.6075604,0.6218542,0.634878,0.6474434,0.6610298,0.6702008,0.6786378,0.6889038,0.701015,0.7130518,0.7261066,0.7363806,0.7475182,0.7603228,0.774821,0.7890008,0.802593,Albariño
